customerID,score_churn,prediction_churn,churn_reel,niveau_risque
4376-KFVRS,0.0093,0,0,Faible
2754-SDJRD,0.9443,1,0,Eleve
9917-KWRBE,0.1332,0,0,Faible
0365-GXEZS,0.3189,0,0,Faible
9385-NXKDA,0.0067,0,0,Faible
4686-UXDML,0.909,1,0,Eleve
2227-JRSJX,0.6456,1,0,Moyen
4830-FAXFM,0.4433,0,0,Moyen
1830-IPXVJ,0.0066,0,0,Faible
4690-LLKUA,0.5313,1,1,Moyen
5804-HYIEZ,0.3479,0,0,Faible
2388-LAESQ,0.003,0,0,Faible
5533-RJFTJ,0.1963,0,0,Faible
4706-AXVKM,0.9014,1,1,Eleve
0997-YTLNY,0.1339,0,0,Faible
7971-HLVXI,0.0476,0,0,Faible
7337-CINUD,0.0191,0,0,Faible
1379-FRVEB,0.8211,1,0,Eleve
4753-PADAS,0.3987,0,0,Faible
5701-GUXDC,0.0729,0,0,Faible
7235-NXZCP,0.786,1,1,Eleve
0668-OGMHD,0.497,0,0,Moyen
2812-REYAT,0.0314,0,0,Faible
8779-YIQQA,0.0309,0,0,Faible
9701-CDXHR,0.0949,0,0,Faible
7130-CTCUS,0.4356,0,0,Moyen
1894-IGFSG,0.5211,1,1,Moyen
0871-URUWO,0.8917,1,1,Eleve
0057-QBUQH,0.1284,0,0,Faible
9611-CTWIH,0.7834,1,1,Eleve
8058-DMYRU,0.6991,1,0,Moyen
5351-QESIO,0.6023,1,0,Moyen
4302-ZYFEL,0.0037,0,0,Faible
6134-KWTBV,0.0773,0,0,Faible
2034-GDRCN,0.8634,1,1,Eleve
9544-PYPSJ,0.1453,0,0,Faible
4208-UFFGW,0.4417,0,1,Moyen
9537-JALFH,0.0058,0,0,Faible
4415-IJZTP,0.9545,1,1,Eleve
4701-MLJPN,0.1752,0,1,Faible
7515-LODFU,0.0155,0,0,Faible
4927-WWOOZ,0.9546,1,0,Eleve
4067-HLYQI,0.6003,1,0,Moyen
6184-DYUOB,0.3255,0,0,Faible
9209-NWPGU,0.1103,0,0,Faible
9851-KIELU,0.6105,1,1,Moyen
3199-XGZCY,0.8577,1,0,Eleve
4226-KKDON,0.1941,0,0,Faible
1085-LDWAM,0.0031,0,0,Faible
6825-UYPFK,0.1413,0,1,Faible
1767-CJKBA,0.0051,0,0,Faible
7181-BQYBV,0.9704,1,1,Eleve
0178-CIIKR,0.3477,0,0,Faible
4256-ZWTZI,0.5341,1,0,Moyen
9537-VHDTA,0.3946,0,0,Faible
2754-XBHTB,0.723,1,1,Eleve
5975-BAICR,0.2026,0,0,Faible
3301-VKTGC,0.0501,0,0,Faible
2877-VDUER,0.0286,0,0,Faible
7717-BICXI,0.0114,0,0,Faible
0562-FGDCR,0.0013,0,0,Faible
3705-PSNGL,0.0236,0,1,Faible
0048-LUMLS,0.2642,0,0,Faible
6497-TILVL,0.1879,0,0,Faible
2108-YKQTY,0.4597,0,1,Moyen
3658-KIBGF,0.7514,1,1,Eleve
5482-NUPNA,0.2076,0,1,Faible
7410-KTVFV,0.3283,0,1,Faible
9033-EOXWV,0.2268,0,1,Faible
8821-XNHVZ,0.9437,1,1,Eleve
8224-KDLKN,0.0011,0,0,Faible
4825-FUREZ,0.0174,0,0,Faible
7534-BFESC,0.6623,1,1,Moyen
9138-EFSMO,0.1813,0,0,Faible
4227-OJHAL,0.1211,0,0,Faible
7279-NMVJC,0.0499,0,0,Faible
8591-TKMZH,0.0331,0,0,Faible
9283-LZQOH,0.7208,1,1,Eleve
3594-IVHJZ,0.2127,0,0,Faible
1945-XISKS,0.0101,0,0,Faible
4359-INNWN,0.0672,0,0,Faible
7649-SIJJF,0.0028,0,0,Faible
9254-RBFON,0.2415,0,1,Faible
0970-ETWGE,0.915,1,1,Eleve
7762-ONLJY,0.0398,0,0,Faible
6710-HSJRD,0.4603,0,0,Moyen
8873-GLDMH,0.8722,1,0,Eleve
9907-SWKKF,0.7735,1,1,Eleve
4658-HCOHW,0.6512,1,1,Moyen
9330-VOFSZ,0.1923,0,0,Faible
2860-RANUS,0.6469,1,1,Moyen
6234-PFPXL,0.4681,0,0,Moyen
7205-BAIAD,0.0118,0,0,Faible
3858-VOBET,0.7454,1,1,Eleve
5103-MHMHY,0.6973,1,1,Moyen
6119-SPUDB,0.0493,0,0,Faible
9389-ACWBI,0.5282,1,0,Moyen
3454-JFUBC,0.0093,0,0,Faible
1768-ZAIFU,0.8629,1,1,Eleve
7017-VFULY,0.2538,0,0,Faible
9221-OTIVJ,0.8203,1,1,Eleve
2482-CZGBB,0.7487,1,1,Eleve
7018-WBJNK,0.6289,1,0,Moyen
3331-HQDTW,0.1277,0,1,Faible
4695-VADHF,0.2483,0,1,Faible
4086-WITJG,0.0017,0,0,Faible
6297-NOOPG,0.2256,0,0,Faible
8777-PVYGU,0.0186,0,0,Faible
4378-MYPGO,0.0805,0,0,Faible
9313-CDOGY,0.217,0,0,Faible
4121-AGSIN,0.0169,0,0,Faible
0432-CAJZV,0.6871,1,0,Moyen
9097-ZUBYC,0.3268,0,0,Faible
9638-JIQYA,0.6297,1,0,Moyen
1024-GUALD,0.7851,1,1,Eleve
8024-XNAFQ,0.0021,0,0,Faible
7587-RZNME,0.6599,1,1,Moyen
1346-UFHAX,0.5445,1,0,Moyen
6374-NTQLP,0.0122,0,0,Faible
6625-FLENO,0.0438,0,0,Faible
7375-WMVMT,0.0012,0,0,Faible
6910-HADCM,0.8952,1,1,Eleve
7401-JIXNM,0.0438,0,0,Faible
7338-ERIVA,0.0159,0,0,Faible
5376-DEQCP,0.929,1,1,Eleve
0909-SELIE,0.0146,0,0,Faible
5419-KLXBN,0.3822,0,1,Faible
0365-TRTPY,0.071,0,0,Faible
6712-OAWRH,0.6443,1,1,Moyen
2428-ZMCTB,0.0963,0,0,Faible
1963-VAUKV,0.5348,1,1,Moyen
9381-NDKME,0.3853,0,1,Faible
3729-OWRVL,0.2379,0,0,Faible
0895-LMRSF,0.0805,0,0,Faible
2676-SSLTO,0.0243,0,0,Faible
8495-PRWFH,0.1743,0,0,Faible
9030-QGZNL,0.0205,0,0,Faible
9972-NKTFD,0.1035,0,0,Faible
7998-WNZEM,0.0021,0,0,Faible
0979-PHULV,0.5933,1,1,Moyen
6445-TNRXS,0.2913,0,0,Faible
9586-JGQKH,0.0419,0,0,Faible
3966-HRMZA,0.5022,1,0,Moyen
5498-IBWPI,0.025,0,0,Faible
6823-SIDFQ,0.0016,0,0,Faible
2323-ARSVR,0.1187,0,0,Faible
5468-BPMMO,0.2561,0,0,Faible
0486-HECZI,0.4466,0,1,Moyen
2178-PMGCJ,0.3919,0,0,Faible
4660-IRIBM,0.6607,1,0,Moyen
9674-EHPPG,0.0721,0,0,Faible
5606-AMZBO,0.7495,1,0,Eleve
0665-XHDJU,0.1176,0,0,Faible
5402-HTOTQ,0.5751,1,0,Moyen
8258-GSTJK,0.8763,1,1,Eleve
3787-TRIAL,0.5699,1,0,Moyen
6175-IRFIT,0.6108,1,0,Moyen
6317-YPKDH,0.4488,0,1,Moyen
5692-FPTAH,0.7831,1,1,Eleve
5373-SFODM,0.8281,1,1,Eleve
0868-VJRDR,0.0944,0,0,Faible
4079-VTGLK,0.0408,0,0,Faible
1166-PQLGG,0.0028,0,0,Faible
5296-BFCYD,0.0233,0,0,Faible
6568-POCUI,0.047,0,0,Faible
2839-RFSQE,0.178,0,1,Faible
2188-SXWVT,0.0266,0,0,Faible
8849-GYOKR,0.1261,0,1,Faible
3623-FQBOX,0.1407,0,0,Faible
2649-HWLYB,0.1127,0,0,Faible
0599-XNYDO,0.4737,0,0,Moyen
2514-GINMM,0.9747,1,1,Eleve
8401-EMUWF,0.1294,0,0,Faible
5766-ZJYBB,0.5114,1,1,Moyen
2604-IJPDU,0.6221,1,0,Moyen
2501-XWWTZ,0.3897,0,0,Faible
6370-ZVHDV,0.0048,0,0,Faible
3027-YNWZU,0.012,0,0,Faible
4526-ZJJTM,0.3907,0,0,Faible
0440-QEXBZ,0.108,0,0,Faible
0330-IVZHA,0.6209,1,1,Moyen
9758-MFWGD,0.0841,0,0,Faible
4229-CZMLL,0.8998,1,1,Eleve
0742-MOABM,0.4624,0,1,Moyen
4277-BWBML,0.0031,0,0,Faible
5136-GFPMB,0.3475,0,0,Faible
7520-HQWJU,0.0713,0,0,Faible
6304-IJFSQ,0.5579,1,1,Moyen
0297-RBCSG,0.189,0,0,Faible
6013-BHCAW,0.045,0,0,Faible
4402-FTBXC,0.0346,0,0,Faible
1471-GIQKQ,0.2974,0,0,Faible
4283-FUTGF,0.699,1,1,Moyen
9548-LERKT,0.0204,0,0,Faible
8059-UDZFY,0.4127,0,0,Moyen
0410-IPFTY,0.7216,1,0,Eleve
2478-EEWWM,0.6076,1,0,Moyen
4619-EVPHY,0.281,0,0,Faible
2277-DJJDL,0.6216,1,0,Moyen
2911-WDXMV,0.3483,0,0,Faible
3639-XJHKQ,0.4097,0,0,Moyen
8173-RXAYP,0.0106,0,0,Faible
4537-CIBHB,0.0897,0,0,Faible
5442-BXVND,0.1375,0,0,Faible
2308-STERM,0.1667,0,0,Faible
7159-NOKYQ,0.3567,0,0,Faible
6075-QMNRR,0.0381,0,0,Faible
3694-GLTJM,0.0779,0,0,Faible
9629-NHXFW,0.6739,1,0,Moyen
7167-PCEYD,0.0158,0,0,Faible
2748-MYRVK,0.1292,0,1,Faible
4223-WOZCM,0.7399,1,0,Eleve
6946-LMSQS,0.4846,0,1,Moyen
5469-NUJUR,0.0186,0,0,Faible
6388-TABGU,0.0054,0,0,Faible
1261-FWTTE,0.7106,1,0,Eleve
8590-YFFQO,0.0296,0,0,Faible
0082-OQIQY,0.5112,1,0,Moyen
9465-RWMXL,0.7554,1,1,Eleve
2930-UOTMB,0.1311,0,1,Faible
9128-CPXKI,0.0601,0,0,Faible
0484-FFVBJ,0.0893,0,0,Faible
1100-DDVRV,0.7707,1,0,Eleve
9313-QOLTZ,0.0577,0,0,Faible
3338-CVVEH,0.8295,1,0,Eleve
1131-SUEKT,0.1477,0,0,Faible
7602-DBTOU,0.0094,0,0,Faible
1385-TQOZW,0.1382,0,0,Faible
6892-XPFPU,0.8952,1,1,Eleve
4115-NZRKS,0.7844,1,0,Eleve
5514-YQENT,0.0849,0,0,Faible
6319-IEJWJ,0.7394,1,1,Eleve
8849-AYPTR,0.4872,0,0,Moyen
5893-PYOLZ,0.0181,0,0,Faible
7180-PISOG,0.9443,1,1,Eleve
8443-ZRDBZ,0.8617,1,1,Eleve
9079-YEXQJ,0.2843,0,1,Faible
3780-YVMFA,0.3831,0,0,Faible
6968-MHOMU,0.2276,0,0,Faible
0899-LIIBW,0.6935,1,0,Moyen
3677-IYRBF,0.9218,1,1,Eleve
8393-DLHGA,0.6712,1,1,Moyen
7691-XVTZH,0.1237,0,0,Faible
5360-LJCNJ,0.0814,0,0,Faible
3891-PUQOD,0.7151,1,1,Eleve
0952-KMEEH,0.8166,1,1,Eleve
4919-IKATY,0.8708,1,1,Eleve
9746-UGFAC,0.0166,0,0,Faible
9108-EQPNQ,0.0575,0,0,Faible
0531-ZZJWQ,0.7027,1,0,Eleve
8763-KIAFH,0.0199,0,0,Faible
5863-OOKCL,0.0334,0,0,Faible
2958-NHPPS,0.0743,0,0,Faible
9530-GRMJG,0.0679,0,0,Faible
1809-DMJHQ,0.4288,0,1,Moyen
0164-XAIRP,0.0309,0,0,Faible
2926-JEJJC,0.0701,0,0,Faible
1169-WCVAK,0.3864,0,0,Faible
1217-VASWC,0.3908,0,0,Faible
2452-KDRRH,0.682,1,0,Moyen
6402-EJMWF,0.5519,1,0,Moyen
7663-CUXZB,0.3585,0,0,Faible
4312-KFRXN,0.0017,0,0,Faible
3011-WQKSZ,0.1527,0,0,Faible
9747-DDZOS,0.8323,1,1,Eleve
2091-MJTFX,0.0642,0,1,Faible
0388-EOPEX,0.6457,1,1,Moyen
3161-ONRWK,0.0096,0,0,Faible
2587-EKXTS,0.5607,1,0,Moyen
9752-ZNQUT,0.8766,1,0,Eleve
9572-WUKSB,0.7257,1,0,Eleve
3836-FZSDJ,0.0027,0,0,Faible
8805-JNRAZ,0.3793,0,0,Faible
3069-SSVSN,0.2933,0,0,Faible
8015-IHCGW,0.0146,0,0,Faible
8132-YPVBX,0.8435,1,0,Eleve
0235-KGSLC,0.8661,1,1,Eleve
1302-UHBDD,0.4899,0,0,Moyen
3722-WPXTK,0.9453,1,1,Eleve
7531-GQHME,0.1653,0,0,Faible
1335-NTIUC,0.6125,1,0,Moyen
9367-TCUYN,0.3461,0,0,Faible
1536-HBSWP,0.3957,0,0,Faible
8573-JGCZW,0.0226,0,0,Faible
2694-CIUMO,0.7305,1,0,Eleve
2027-FECZV,0.8019,1,1,Eleve
9103-TCIHJ,0.4498,0,1,Moyen
1545-JFUML,0.0585,0,0,Faible
0524-IAVZO,0.8231,1,1,Eleve
5519-TEEUH,0.0248,0,0,Faible
6654-QGBZZ,0.6921,1,0,Moyen
2294-DMMUS,0.0698,0,0,Faible
0017-IUDMW,0.0056,0,0,Faible
5018-LXQQG,0.0707,0,0,Faible
5808-TOTXO,0.0599,0,0,Faible
1174-FGIFN,0.4932,0,0,Moyen
0730-KOAVE,0.5029,1,0,Moyen
1218-VKFPE,0.034,0,1,Faible
5313-FPXWG,0.0202,0,0,Faible
2834-JKOOW,0.2624,0,0,Faible
9430-NKQLY,0.003,0,0,Faible
0363-QJVFX,0.3987,0,1,Faible
1658-TJVOA,0.8008,1,0,Eleve
6685-GBWJZ,0.0396,0,0,Faible
6328-ZPBGN,0.9278,1,1,Eleve
4003-FUSHP,0.2786,0,0,Faible
7690-KPNCU,0.3175,0,0,Faible
2969-WGHQO,0.1349,0,0,Faible
1855-CFULU,0.3591,0,0,Faible
9788-YTFGE,0.3118,0,0,Faible
8266-VBFQL,0.6397,1,0,Moyen
2325-NBPZG,0.7121,1,0,Eleve
9906-NHHVC,0.0606,0,0,Faible
2541-YGPKE,0.3794,0,0,Faible
5049-MUBWG,0.0558,0,0,Faible
2332-TODQS,0.07,0,0,Faible
4419-UJMUS,0.5123,1,0,Moyen
2233-TXSIU,0.1594,0,0,Faible
6770-XUAGN,0.3634,0,1,Faible
2919-HBCJO,0.7715,1,1,Eleve
9508-ILZDG,0.3772,0,0,Faible
5442-BHQNG,0.6084,1,0,Moyen
7250-EQKIY,0.7652,1,1,Eleve
6838-HVLXG,0.17,0,0,Faible
9767-FFLEM,0.5764,1,0,Moyen
2245-ADZFJ,0.0175,0,0,Faible
1150-WFARN,0.1569,0,1,Faible
9054-FOWNV,0.815,1,0,Eleve
7997-EASSD,0.0354,0,0,Faible
7560-QJAVJ,0.0101,0,0,Faible
2668-TZSPS,0.5189,1,0,Moyen
9139-WQQDY,0.0487,0,1,Faible
6726-NNFWD,0.0049,0,0,Faible
9330-DHBFL,0.0929,0,0,Faible
5727-MYATE,0.0044,0,0,Faible
2824-DXNKN,0.0083,0,0,Faible
6166-ILMNY,0.4457,0,1,Moyen
5236-XMZJY,0.1582,0,0,Faible
1709-EJDOX,0.0245,0,0,Faible
4962-CHQPW,0.0118,0,0,Faible
0301-FIDRB,0.0044,0,0,Faible
1820-TQVEV,0.975,1,1,Eleve
9115-YQHGA,0.2562,0,0,Faible
1541-ETJZO,0.543,1,1,Moyen
6230-BSUXY,0.9546,1,1,Eleve
6797-LNAQX,0.0719,0,1,Faible
9588-YRFHY,0.0297,0,0,Faible
1092-GANHU,0.5327,1,1,Moyen
5951-AOFIH,0.1736,0,0,Faible
7029-RPUAV,0.7718,1,1,Eleve
4700-UBQMV,0.2421,0,0,Faible
3594-UVONA,0.1401,0,1,Faible
7750-EYXWZ,0.0957,0,0,Faible
7054-ENNGU,0.2172,0,0,Faible
0402-OAMEN,0.001,0,0,Faible
2195-VVRJF,0.4231,0,0,Moyen
8819-ZBYNA,0.5235,1,0,Moyen
7748-UMTRK,0.5563,1,0,Moyen
1741-WTPON,0.0926,0,0,Faible
7209-JCUDS,0.8915,1,1,Eleve
2485-ITVKB,0.8777,1,1,Eleve
9648-BCHKM,0.143,0,0,Faible
0743-HRVFF,0.2194,0,0,Faible
2522-AHJXR,0.5437,1,0,Moyen
9143-CANJF,0.1851,0,0,Faible
1444-VVSGW,0.6373,1,1,Moyen
6898-MDLZW,0.5055,1,0,Moyen
0074-HDKDG,0.107,0,0,Faible
3982-JGSFD,0.0267,0,0,Faible
7928-VJYAB,0.7003,1,0,Eleve
1522-VVDMG,0.7461,1,1,Eleve
2665-NPTGL,0.8724,1,0,Eleve
8728-SKJLR,0.6601,1,0,Moyen
7733-UDMTP,0.4594,0,0,Moyen
0431-APWVY,0.2919,0,1,Faible
5081-NWSUP,0.174,0,0,Faible
2746-DIJLO,0.2587,0,0,Faible
7277-OZCGZ,0.3497,0,0,Faible
5236-PERKL,0.0524,0,1,Faible
2788-CJQAQ,0.0147,0,0,Faible
3096-WPXBT,0.1825,0,0,Faible
9962-BFPDU,0.7164,1,0,Eleve
2892-GESUL,0.024,0,0,Faible
9741-YLNTD,0.9077,1,0,Eleve
1205-WNWPJ,0.4718,0,1,Moyen
3173-NVMPX,0.3917,0,0,Faible
9661-MHUMO,0.3967,0,1,Faible
6000-APYLU,0.6038,1,1,Moyen
0048-PIHNL,0.0127,0,0,Faible
9420-LOJKX,0.8682,1,1,Eleve
7061-OVMIM,0.0306,0,0,Faible
5671-RQRLP,0.0666,0,0,Faible
5129-JLPIS,0.7668,1,0,Eleve
5170-PTRKA,0.0245,0,0,Faible
4819-HJPIW,0.1998,0,0,Faible
8780-RSYYU,0.0342,0,0,Faible
2335-GSODA,0.046,0,0,Faible
5696-CEIQJ,0.0321,0,0,Faible
6169-PPETC,0.0065,0,0,Faible
4237-RLAQD,0.8371,1,1,Eleve
7359-WWYJV,0.0128,0,0,Faible
8620-RJPZN,0.3769,0,0,Faible
7426-WEIJX,0.1742,0,0,Faible
7629-WIXZF,0.363,0,0,Faible
2616-FLVQC,0.0525,0,0,Faible
9163-GHAYE,0.419,0,0,Moyen
4464-JCOLN,0.0392,0,1,Faible
2971-SGAFL,0.5418,1,0,Moyen
4735-ASGMA,0.9312,1,1,Eleve
5245-VDBUR,0.0144,0,0,Faible
1493-AMTIE,0.4143,0,1,Moyen
1112-CUNAO,0.5746,1,1,Moyen
7571-YXDAD,0.6933,1,1,Moyen
8714-EUHJO,0.6193,1,1,Moyen
9040-KZVWO,0.0366,0,0,Faible
6713-OKOMC,0.2119,0,0,Faible
8749-CLJXC,0.7371,1,0,Eleve
4713-LZDRV,0.8463,1,1,Eleve
6598-RFFVI,0.0049,0,1,Faible
7470-MCQTK,0.7118,1,1,Eleve
5524-KHNJP,0.1305,0,0,Faible
1707-HABPF,0.0255,0,0,Faible
4581-LNWUM,0.5098,1,0,Moyen
9710-ZUSHQ,0.0989,0,1,Faible
1697-LYYYX,0.008,0,0,Faible
4013-GUXND,0.549,1,0,Moyen
5022-JNQEQ,0.6174,1,0,Moyen
4983-CCWMC,0.6145,1,0,Moyen
6345-FZOQH,0.0055,0,0,Faible
0962-CQPWQ,0.005,0,0,Faible
5495-GPSRW,0.0168,0,0,Faible
2252-JHJGE,0.4474,0,0,Moyen
7356-AYNJP,0.1522,0,0,Faible
2019-HDCZY,0.4631,0,0,Moyen
8582-KRHPJ,0.1195,0,0,Faible
2867-UIMSS,0.9234,1,1,Eleve
3487-EARAT,0.1153,0,0,Faible
9926-PJHDQ,0.0158,0,0,Faible
0289-IVARM,0.114,0,0,Faible
4672-FOTSD,0.481,0,0,Moyen
6198-PNNSZ,0.189,0,0,Faible
7603-USHJS,0.7221,1,1,Eleve
6784-XYJAE,0.0681,0,0,Faible
3858-XHYJO,0.2916,0,0,Faible
1087-UDSIH,0.2982,0,1,Faible
7251-LJBQN,0.5782,1,0,Moyen
3200-MNQTF,0.1403,0,0,Faible
9359-UGBTK,0.0178,0,0,Faible
8160-HOWOX,0.4528,0,0,Moyen
0258-NOKBL,0.4711,0,0,Moyen
2800-QQUSO,0.7964,1,0,Eleve
2129-ALKBS,0.2377,0,0,Faible
9972-VAFJJ,0.1235,0,0,Faible
4693-VWVBO,0.3583,0,0,Faible
6969-MVBAI,0.8762,1,0,Eleve
4821-WQOYN,0.0027,0,0,Faible
6769-DYBQN,0.3494,0,1,Faible
4018-PPNDW,0.011,0,0,Faible
6288-CHQJB,0.0063,0,0,Faible
4905-JEFDW,0.6955,1,1,Moyen
0559-CKHUS,0.0392,0,0,Faible
2659-VXMWZ,0.2169,0,1,Faible
6559-RAKOZ,0.8116,1,0,Eleve
8809-XKHMD,0.0032,0,0,Faible
6365-HITVU,0.002,0,0,Faible
0134-XWXCE,0.0338,0,0,Faible
9720-JJJOR,0.1167,0,0,Faible
2782-LFZVW,0.5405,1,0,Moyen
6112-KTHFQ,0.1966,0,0,Faible
9220-ZNKJI,0.0144,0,0,Faible
9820-RMCQV,0.2586,0,1,Faible
9013-AQORL,0.3182,0,0,Faible
2040-OBMLJ,0.077,0,0,Faible
5574-NXZIU,0.2564,0,0,Faible
5446-DKWYW,0.0419,0,0,Faible
0480-KYJVA,0.0024,0,0,Faible
1074-AMIOH,0.2056,0,0,Faible
0015-UOCOJ,0.6299,1,0,Moyen
0256-LTHVJ,0.4729,0,1,Moyen
4547-LYTDD,0.5822,1,1,Moyen
1077-HUUJM,0.829,1,0,Eleve
2041-JIJCI,0.6847,1,0,Moyen
1555-HAPSU,0.0038,0,0,Faible
4323-SADQS,0.6045,1,1,Moyen
3292-PBZEJ,0.7284,1,0,Eleve
6203-HBZPA,0.1005,0,0,Faible
9755-JHNMN,0.0191,0,0,Faible
7369-TRPFD,0.0029,0,0,Faible
9878-TNQGW,0.8075,1,1,Eleve
2279-AXJJK,0.2894,0,0,Faible
5016-IBERQ,0.7054,1,0,Eleve
1016-DJTSV,0.6251,1,0,Moyen
8433-WPJTV,0.3137,0,0,Faible
8903-XEBGX,0.7957,1,0,Eleve
2632-TACXW,0.0158,0,0,Faible
7952-OBOYL,0.8563,1,0,Eleve
1470-PSXNM,0.6234,1,0,Moyen
6227-HWPWX,0.4532,0,1,Moyen
5924-SNGKP,0.0258,0,0,Faible
8818-DOPVL,0.7897,1,0,Eleve
4521-WFJAI,0.0448,0,0,Faible
4724-WXVWF,0.45,0,0,Moyen
3717-OEAUQ,0.5483,1,0,Moyen
8165-ZJRNM,0.0014,0,0,Faible
7838-LAZFO,0.0913,0,0,Faible
0513-RBGPE,0.1568,0,0,Faible
7251-XFOIL,0.0285,0,0,Faible
2525-GVKQU,0.0498,0,0,Faible
7579-OOPEC,0.4057,0,1,Moyen
3795-GWTRD,0.0135,0,0,Faible
4750-ZRXIU,0.9455,1,1,Eleve
5445-PZWGX,0.1024,0,1,Faible
0516-UXRMT,0.0545,0,0,Faible
0727-BNRLG,0.1174,0,0,Faible
3932-CMDTD,0.5516,1,1,Moyen
1264-FUHCX,0.2238,0,0,Faible
6194-HBGQN,0.0637,0,0,Faible
4524-QCSSM,0.4744,0,0,Moyen
4570-QHXHL,0.5429,1,0,Moyen
2972-YDYUW,0.0893,0,0,Faible
2061-VVFST,0.2736,0,0,Faible
6874-SGLHU,0.3365,0,0,Faible
9844-FELAJ,0.1321,0,0,Faible
1902-XBTFB,0.7052,1,1,Eleve
9039-RBEEE,0.3839,0,1,Faible
9369-XFEHK,0.4352,0,1,Moyen
3680-CTHUH,0.4242,0,0,Moyen
3679-XASPY,0.4896,0,0,Moyen
9089-UOWJG,0.3675,0,0,Faible
1574-DYCWE,0.0361,0,0,Faible
9779-DPNEJ,0.6605,1,0,Moyen
2967-MXRAV,0.0465,0,0,Faible
0327-WFZSY,0.6499,1,0,Moyen
1731-TVIUK,0.953,1,1,Eleve
7666-WKRON,0.1967,0,1,Faible
3865-ZYKAD,0.226,0,0,Faible
1465-LNTLJ,0.1273,0,0,Faible
2696-RZVZW,0.0107,0,0,Faible
0685-MLYYM,0.5389,1,1,Moyen
2778-OCLGR,0.6725,1,1,Moyen
3982-XWFZQ,0.2191,0,1,Faible
4759-PXTAN,0.1621,0,0,Faible
1448-PWKYE,0.9226,1,1,Eleve
8741-LQOBK,0.141,0,0,Faible
8650-RHRKE,0.8545,1,1,Eleve
7266-GSSJX,0.0755,0,0,Faible
1265-HVPZB,0.0444,0,0,Faible
9640-ZSLDC,0.0734,0,0,Faible
0988-JRWWP,0.7205,1,0,Eleve
1926-QUZNN,0.0015,0,0,Faible
9025-ZRPVR,0.105,0,1,Faible
6527-PZFPV,0.0277,0,0,Faible
7460-ITWWP,0.2516,0,0,Faible
1530-ZTDOZ,0.151,0,0,Faible
4785-FCIFB,0.0125,0,0,Faible
9717-QEBGU,0.7879,1,0,Eleve
0876-WDUUZ,0.7581,1,1,Eleve
7881-EVUAD,0.8525,1,1,Eleve
4002-BQWPQ,0.0899,0,0,Faible
6377-WHAOX,0.778,1,0,Eleve
5027-YOCXN,0.4805,0,0,Moyen
8450-JOVAH,0.2824,0,1,Faible
6646-QVXLR,0.6462,1,1,Moyen
0254-KCJGT,0.2977,0,0,Faible
3442-ZHHCC,0.3696,0,0,Faible
9167-APMXZ,0.404,0,0,Moyen
0616-ATFGB,0.8461,1,1,Eleve
7273-TEFQD,0.9015,1,1,Eleve
8245-UMPYT,0.866,1,1,Eleve
6022-UGGSO,0.6705,1,1,Moyen
6292-TOSSS,0.0344,0,0,Faible
5207-PLSTK,0.7649,1,0,Eleve
3908-BLSYF,0.7838,1,1,Eleve
4317-VTEOA,0.8021,1,1,Eleve
0625-AFOHS,0.0103,0,0,Faible
4667-OHGKG,0.6416,1,1,Moyen
2386-OWURY,0.1806,0,0,Faible
3780-DDGSE,0.1353,0,0,Faible
1047-RNXZV,0.0304,0,0,Faible
3926-YZVVX,0.0221,0,0,Faible
4742-TXUEX,0.0275,0,0,Faible
8709-KRDVL,0.7472,1,0,Eleve
0397-ZXWQF,0.0031,0,0,Faible
3910-MRQOY,0.0036,0,0,Faible
2511-MORQY,0.0505,0,0,Faible
4039-PIMHX,0.0285,0,0,Faible
8083-YTZES,0.8859,1,1,Eleve
1346-PJWTK,0.0353,0,0,Faible
3750-YHRYO,0.0376,0,0,Faible
1236-WFCDV,0.6463,1,1,Moyen
5949-HGVJL,0.3091,0,0,Faible
9112-WSNPU,0.4576,0,0,Moyen
1360-JYXKQ,0.2247,0,0,Faible
3585-ISXZP,0.79,1,1,Eleve
8380-PEFPE,0.9218,1,1,Eleve
9402-ROUMJ,0.2507,0,0,Faible
4335-UPJSI,0.0216,0,0,Faible
6096-EGVTU,0.0031,0,0,Faible
8988-ECPJR,0.5069,1,1,Moyen
7677-SJJJK,0.0521,0,0,Faible
5850-BDWCY,0.2653,0,0,Faible
2025-JKFWI,0.9295,1,1,Eleve
8028-PNXHQ,0.0259,0,0,Faible
8397-MVTAZ,0.9114,1,1,Eleve
4445-ZJNMU,0.9542,1,0,Eleve
3125-RAHBV,0.0276,0,0,Faible
6682-QJDGB,0.1358,0,1,Faible
8840-DQLGN,0.0807,0,1,Faible
6258-NGCNG,0.7471,1,0,Eleve
5917-RYRMG,0.0082,0,0,Faible
7157-SMCFK,0.1227,0,0,Faible
0816-TSPHQ,0.1822,0,0,Faible
6766-HFKLA,0.1723,0,0,Faible
7067-KSAZT,0.2621,0,1,Faible
5155-AZQPB,0.0638,0,0,Faible
6890-PFRQX,0.1289,0,0,Faible
3508-VLHCZ,0.0091,0,0,Faible
3649-JPUGY,0.0014,0,0,Faible
9248-OJYKK,0.9631,1,1,Eleve
7239-HZZCX,0.7656,1,1,Eleve
9860-LISIZ,0.0692,0,0,Faible
6979-ZNSFF,0.901,1,1,Eleve
8938-UMKPI,0.7207,1,1,Eleve
1820-DJFPH,0.0022,0,0,Faible
0732-OCQOC,0.0328,0,0,Faible
6776-TLWOI,0.2904,0,1,Faible
4940-KHCWD,0.0072,0,0,Faible
9057-SIHCH,0.9354,1,1,Eleve
9866-QEVEE,0.5056,1,1,Moyen
5542-TBBWB,0.9767,1,0,Eleve
4587-VVTOX,0.916,1,1,Eleve
6322-HRPFA,0.4312,0,0,Moyen
6284-AHOOQ,0.4647,0,1,Moyen
4530-NDRKU,0.058,0,0,Faible
1751-NCDLI,0.9163,1,0,Eleve
3893-JRNFS,0.096,0,0,Faible
5857-XRECV,0.0262,0,0,Faible
3115-CZMZD,0.08,0,0,Faible
4489-SNOJF,0.3094,0,1,Faible
1051-GEJLJ,0.193,0,0,Faible
3563-SVYLG,0.0199,0,0,Faible
4301-VVZKA,0.8154,1,0,Eleve
9351-HXDMR,0.0242,0,0,Faible
5161-XEUVX,0.0581,0,0,Faible
3088-FVYWK,0.0495,0,0,Faible
9812-GHVRI,0.5717,1,0,Moyen
1370-GGAWX,0.2875,0,0,Faible
6023-YEBUP,0.9557,1,1,Eleve
9940-RHLFB,0.817,1,1,Eleve
4541-RMRLG,0.0663,0,1,Faible
2606-RMDHZ,0.6143,1,1,Moyen
5575-TPIZQ,0.3615,0,0,Faible
9378-FXTIZ,0.0805,0,1,Faible
4631-OACRM,0.7226,1,1,Eleve
8593-WHYHV,0.9365,1,1,Eleve
1403-GYAFU,0.003,0,0,Faible
7641-TQFHN,0.0739,0,0,Faible
4237-CLSMM,0.2262,0,0,Faible
4360-PNRQB,0.3679,0,0,Faible
5334-AFQJB,0.0067,0,0,Faible
9308-ANMVE,0.3188,0,0,Faible
3530-VWVGU,0.1522,0,0,Faible
4674-HGNUA,0.0058,0,0,Faible
3030-YDNRM,0.8604,1,0,Eleve
3642-BYHDO,0.0028,0,0,Faible
0440-UEDAI,0.0469,0,0,Faible
9819-FBNSV,0.5483,1,0,Moyen
9289-LBQVU,0.1718,0,0,Faible
4468-YDOVK,0.6805,1,0,Moyen
2001-EWBQU,0.3297,0,0,Faible
9992-UJOEL,0.666,1,0,Moyen
8409-WQJUX,0.0329,0,0,Faible
3077-RSNTJ,0.1221,0,0,Faible
6993-YCOBK,0.4601,0,0,Moyen
4817-VYYWS,0.6582,1,1,Moyen
4702-HDRKD,0.0128,0,0,Faible
3251-YMVWZ,0.0344,0,0,Faible
4190-MFLUW,0.3291,0,1,Faible
4678-DVQEO,0.6643,1,1,Moyen
4701-AHWMW,0.1681,0,1,Faible
2987-BJXIK,0.0017,0,0,Faible
1730-VFMWO,0.0613,0,0,Faible
1936-UAFEH,0.129,0,0,Faible
5140-FOMCQ,0.4117,0,0,Moyen
8778-LMWTJ,0.6607,1,0,Moyen
9840-DVNDC,0.7495,1,1,Eleve
8033-VCZGH,0.8855,1,0,Eleve
8580-QVLOC,0.0027,0,1,Faible
6128-AQBMT,0.756,1,0,Eleve
6257-RJOHI,0.5662,1,0,Moyen
1929-ZCBHE,0.1091,0,0,Faible
6242-SGYTS,0.1395,0,0,Faible
7010-ZMVBF,0.0565,0,0,Faible
3519-ZKXGG,0.8893,1,1,Eleve
5666-MBJPT,0.0073,0,0,Faible
3313-QKNKB,0.3844,0,1,Faible
7581-EBBOU,0.0274,0,0,Faible
1784-BXEFA,0.1079,0,0,Faible
7492-TAFJD,0.0528,0,0,Faible
5213-TWWJU,0.067,0,0,Faible
3312-ZWLGF,0.7317,1,0,Eleve
2923-ARZLG,0.1845,0,0,Faible
7032-LMBHI,0.0173,0,0,Faible
8292-ITGYJ,0.0825,0,0,Faible
9107-UKCKY,0.4459,0,0,Moyen
6848-HJTXY,0.0093,0,0,Faible
4184-VODJZ,0.2829,0,0,Faible
4846-WHAFZ,0.7318,1,1,Eleve
8735-SDUFN,0.0023,0,0,Faible
0839-JTCUD,0.0511,0,0,Faible
6857-VWJDT,0.9278,1,1,Eleve
7363-QTBIW,0.7796,1,0,Eleve
6158-HDPXZ,0.6887,1,0,Moyen
5419-CONWX,0.9149,1,1,Eleve
9286-DOJGF,0.531,1,1,Moyen
2408-PSJVE,0.1954,0,0,Faible
2087-QAREY,0.3972,0,0,Faible
6777-TGHTM,0.3195,0,1,Faible
6507-ZJSUR,0.7333,1,0,Eleve
5025-GOOKI,0.0748,0,0,Faible
6080-LNESI,0.0297,0,0,Faible
2236-HILPA,0.0066,0,0,Faible
1386-ZIKUV,0.1176,0,0,Faible
3365-SAIGS,0.7461,1,0,Eleve
6061-GWWAV,0.0545,0,0,Faible
9979-RGMZT,0.8017,1,0,Eleve
8445-DNBAE,0.4579,0,0,Moyen
6872-HXFNF,0.0208,0,0,Faible
1320-HTRDR,0.826,1,1,Eleve
3923-CSIHK,0.4832,0,1,Moyen
2446-ZKVAF,0.3351,0,0,Faible
4640-UHDOS,0.1438,0,1,Faible
5457-COLHT,0.0053,0,0,Faible
2254-DLXRI,0.9465,1,0,Eleve
5339-PXDVH,0.5423,1,0,Moyen
2386-LAHRK,0.8446,1,1,Eleve
5062-CJJKH,0.1623,0,0,Faible
8930-XOTDP,0.1967,0,0,Faible
4779-ZGICK,0.0764,0,0,Faible
9534-NSXEM,0.0222,0,0,Faible
3716-BDVDB,0.973,1,1,Eleve
9842-EFSYY,0.6353,1,0,Moyen
9122-UMROB,0.5913,1,0,Moyen
1867-BDVFH,0.8482,1,1,Eleve
5949-EBSQK,0.1546,0,1,Faible
4160-AMJTL,0.2334,0,1,Faible
8622-ZLFKO,0.953,1,0,Eleve
2990-IAJSV,0.0012,0,0,Faible
6064-ZATLR,0.0191,0,0,Faible
7409-KIUTL,0.9007,1,1,Eleve
5505-OVWQW,0.0527,0,0,Faible
3948-KXDUF,0.0134,0,0,Faible
9814-AOUDH,0.0558,0,0,Faible
7398-LXGYX,0.524,1,0,Moyen
5266-PFRQK,0.0749,0,0,Faible
1568-BEKZM,0.0217,0,0,Faible
2692-PFYTJ,0.4826,0,0,Moyen
2533-QVMSK,0.2171,0,1,Faible
5828-AVIPD,0.7763,1,1,Eleve
2907-ILJBN,0.0274,0,0,Faible
5226-NOZFC,0.6491,1,0,Moyen
7114-AEOZE,0.0557,0,0,Faible
2202-CUYXZ,0.9376,1,1,Eleve
3466-RITXD,0.5925,1,0,Moyen
7278-CKDNC,0.7616,1,0,Eleve
1956-YIFGE,0.7987,1,0,Eleve
0422-UXFAP,0.7813,1,0,Eleve
3733-UOCWF,0.0233,0,0,Faible
7191-ADRGF,0.2294,0,0,Faible
5709-LVOEQ,0.0166,0,0,Faible
6034-YMTOB,0.5908,1,0,Moyen
6372-RFVNS,0.9538,1,1,Eleve
9052-DHNKM,0.1183,0,0,Faible
5609-IMCGG,0.5681,1,0,Moyen
2959-MJHIC,0.8107,1,1,Eleve
1319-YLZJG,0.8095,1,0,Eleve
7623-TRNQN,0.3722,0,1,Faible
0377-JBKKT,0.2739,0,0,Faible
1936-CZAKF,0.1342,0,0,Faible
5063-IUOKK,0.0381,0,0,Faible
8646-JCOMS,0.0558,0,0,Faible
0979-MOZQI,0.0375,0,0,Faible
1525-LNLOJ,0.0458,0,0,Faible
5759-RCVCB,0.4647,0,1,Moyen
9968-FFVVH,0.0153,0,0,Faible
2266-FUBDZ,0.0226,0,0,Faible
4760-THGOT,0.4744,0,0,Moyen
2307-FYNNL,0.535,1,0,Moyen
1143-NMNQJ,0.9482,1,1,Eleve
1629-DQQVB,0.1436,0,0,Faible
3766-EJLFL,0.2425,0,0,Faible
8457-XIGKN,0.0712,0,0,Faible
4981-FLTMF,0.0253,0,0,Faible
7606-BPHHN,0.0019,0,0,Faible
7005-CCBKV,0.9003,1,1,Eleve
4648-YPBTM,0.0329,0,0,Faible
2325-ZUSFD,0.0153,0,1,Faible
1240-KNSEZ,0.8161,1,1,Eleve
0430-IHCDJ,0.8179,1,0,Eleve
7957-RYHQD,0.6262,1,1,Moyen
6164-HAQTX,0.0103,0,0,Faible
0749-IRGQE,0.5112,1,0,Moyen
1227-UDMZR,0.0029,0,0,Faible
5473-KHBPS,0.1403,0,0,Faible
5297-MDOIR,0.0112,0,0,Faible
8873-TMKGR,0.0023,0,0,Faible
6481-ESCNL,0.4186,0,0,Moyen
0463-WZZKO,0.2484,0,0,Faible
1038-RQOST,0.0563,0,0,Faible
4937-QPZPO,0.882,1,0,Eleve
3604-WLABM,0.3566,0,0,Faible
1360-XFJMR,0.2966,0,0,Faible
8717-VCTXJ,0.0187,0,0,Faible
5196-SGOAK,0.883,1,1,Eleve
8739-XNIKG,0.9217,1,0,Eleve
2320-TZRRH,0.0222,0,0,Faible
5186-SAMNZ,0.9474,1,1,Eleve
5760-FXFVO,0.7417,1,0,Eleve
5380-WJKOV,0.6722,1,1,Moyen
4703-MQYKT,0.0244,0,0,Faible
2001-MCUUW,0.5316,1,0,Moyen
4947-DSMXK,0.6839,1,0,Moyen
0076-LVEPS,0.1933,0,0,Faible
5566-SOEZD,0.1075,0,0,Faible
7408-OFWXJ,0.0034,0,0,Faible
1097-FSPVW,0.2319,0,0,Faible
4412-YLTKF,0.6888,1,1,Moyen
0420-TXVSG,0.0496,0,0,Faible
7817-BOQPW,0.834,1,1,Eleve
0963-ZBDRN,0.4663,0,1,Moyen
9685-WKZGT,0.8104,1,1,Eleve
2139-FQHLM,0.2713,0,0,Faible
5825-XJOCM,0.0659,0,0,Faible
0004-TLHLJ,0.8279,1,1,Eleve
7529-ZDFXI,0.452,0,0,Moyen
6848-YLDFR,0.0756,0,0,Faible
5820-PTRYM,0.1123,0,0,Faible
2984-RGEYA,0.007,0,0,Faible
6434-TTGJP,0.061,0,0,Faible
9643-AVVWI,0.7187,1,0,Eleve
3506-OVLKD,0.0212,0,0,Faible
4946-EDSEW,0.0669,0,1,Faible
2924-KHUVI,0.7357,1,0,Eleve
2263-SFSQZ,0.0403,0,0,Faible
5281-BUZGT,0.4769,0,1,Moyen
3717-FDJFU,0.014,0,0,Faible
2239-CFOUJ,0.1884,0,0,Faible
8699-ASUFO,0.8778,1,1,Eleve
1122-YJBCS,0.0181,0,0,Faible
0628-CNQRM,0.0498,0,1,Faible
1705-GUHPV,0.0073,0,0,Faible
4877-TSOFF,0.07,0,0,Faible
7404-JLKQG,0.4571,0,0,Moyen
0379-DJQHR,0.0161,0,0,Faible
8993-PHFWD,0.4739,0,1,Moyen
3930-ZGWVE,0.7656,1,0,Eleve
1965-DDBWU,0.466,0,1,Moyen
7572-KPVKK,0.6345,1,0,Moyen
6854-EXGSF,0.2622,0,0,Faible
9483-GCPWE,0.0939,0,0,Faible
8053-WWDRO,0.2573,0,1,Faible
9473-CBZOP,0.0251,0,0,Faible
3985-HOYPM,0.0081,0,0,Faible
8378-LKJAF,0.772,1,0,Eleve
1310-QRITU,0.5313,1,0,Moyen
3237-AJGEH,0.4424,0,1,Moyen
6542-LWGXJ,0.5285,1,0,Moyen
6953-PBDIN,0.0286,0,0,Faible
6332-FBZRI,0.1492,0,0,Faible
9365-CSLBQ,0.002,0,0,Faible
3466-WAESX,0.5419,1,0,Moyen
9700-ISPUP,0.3132,0,0,Faible
5167-ZFFMM,0.9242,1,1,Eleve
7669-LCRSD,0.3862,0,0,Faible
0870-VEMYL,0.462,0,1,Moyen
2995-UPRYS,0.3738,0,1,Faible
3179-GBRWV,0.2136,0,0,Faible
0701-TJSEF,0.1449,0,0,Faible
1848-LBZHY,0.3305,0,0,Faible
5380-XPJNZ,0.0256,0,0,Faible
6608-QQLVK,0.8864,1,1,Eleve
1475-VWVDO,0.7751,1,0,Eleve
3721-CNEYS,0.7933,1,1,Eleve
4299-OPXEJ,0.2884,0,0,Faible
0096-BXERS,0.6141,1,0,Moyen
3055-VTCGS,0.0227,0,0,Faible
9405-GPBBG,0.105,0,0,Faible
6704-UTUKK,0.6091,1,0,Moyen
9944-AEXBM,0.572,1,0,Moyen
2545-EBUPK,0.9585,1,0,Eleve
6270-OMFIW,0.3021,0,1,Faible
1852-XEMDW,0.2206,0,0,Faible
8158-WPEZG,0.3901,0,0,Faible
5198-EFNBM,0.1039,0,0,Faible
7663-RGWBC,0.6967,1,1,Moyen
3970-XGJDU,0.0197,0,0,Faible
6845-RGTYS,0.6886,1,1,Moyen
0123-CRBRT,0.0044,0,0,Faible
6077-BDPXA,0.7715,1,0,Eleve
2250-IVBWA,0.0702,0,0,Faible
6137-NICCO,0.9579,1,0,Eleve
8129-GMVGI,0.0989,0,0,Faible
4353-HYOJD,0.0675,0,0,Faible
8671-KKKOS,0.3592,0,0,Faible
8080-DDEMJ,0.7977,1,1,Eleve
6698-OXETB,0.0162,0,0,Faible
3312-UUMZW,0.7754,1,0,Eleve
6376-GAHQE,0.7283,1,1,Eleve
0733-VUNUW,0.129,0,1,Faible
6733-LRIZX,0.4404,0,0,Moyen
2165-VOEGB,0.0736,0,1,Faible
1853-UDXBW,0.9079,1,1,Eleve
9070-BCKQP,0.0105,0,0,Faible
1035-IPQPU,0.6995,1,0,Moyen
2057-ZBLPD,0.7812,1,1,Eleve
6967-PEJLL,0.1631,0,0,Faible
7879-CGSFV,0.1115,0,0,Faible
2257-BOVXD,0.3272,0,0,Faible
9822-BIIGN,0.1955,0,0,Faible
1136-XGEQU,0.1324,0,0,Faible
2439-LYPMQ,0.8727,1,0,Eleve
6543-XRMYR,0.7966,1,1,Eleve
5753-QQWPW,0.1387,0,0,Faible
4785-QRJHC,0.2939,0,1,Faible
0052-YNYOT,0.0058,0,0,Faible
7054-LGEQW,0.7337,1,1,Eleve
0608-JDVEC,0.0663,0,0,Faible
6284-KMNUF,0.6238,1,0,Moyen
6286-SUUWT,0.7371,1,0,Eleve
3594-KADLU,0.4435,0,0,Moyen
0536-ACXIP,0.0304,0,0,Faible
8869-TORSS,0.0825,0,1,Faible
0373-AIVNJ,0.2016,0,0,Faible
6429-SHBCB,0.1439,0,0,Faible
5751-USDBL,0.0151,0,0,Faible
6815-ABQFQ,0.5048,1,0,Moyen
9450-TRJUU,0.6645,1,0,Moyen
2805-AUFQN,0.0141,0,0,Faible
7855-DIWPO,0.8119,1,0,Eleve
0174-QRVVY,0.0026,0,0,Faible
9507-EXLTT,0.9549,1,1,Eleve
8390-FESFV,0.004,0,0,Faible
0661-KBKPA,0.1786,0,0,Faible
6856-RAURS,0.8085,1,0,Eleve
7322-OCWHC,0.0017,0,0,Faible
2203-GHNWN,0.4109,0,0,Moyen
3413-CSSTH,0.1752,0,0,Faible
3006-XIMLN,0.9288,1,1,Eleve
3750-CKVKH,0.8524,1,1,Eleve
0576-WNXXC,0.503,1,1,Moyen
7056-IMHCC,0.8843,1,1,Eleve
0866-QLSIR,0.0509,0,1,Faible
1628-BIZYP,0.9307,1,0,Eleve
2230-XTUWL,0.0401,0,0,Faible
1980-KXVPM,0.8214,1,1,Eleve
8619-IJNDK,0.0061,0,0,Faible
2960-NKRSO,0.3411,0,0,Faible
6705-LXORM,0.5176,1,0,Moyen
7130-VTEWQ,0.7998,1,1,Eleve
9364-YKUVW,0.5194,1,0,Moyen
2761-OCIAX,0.629,1,1,Moyen
7996-BPXHY,0.0596,0,0,Faible
4248-QPAVC,0.5237,1,1,Moyen
9357-UJRUN,0.4934,0,0,Moyen
6340-DACFT,0.0186,0,0,Faible
1023-BQXZE,0.0133,0,0,Faible
5480-HPRRX,0.5052,1,1,Moyen
9576-SYUHJ,0.5151,1,0,Moyen
2169-RRLFW,0.0036,0,0,Faible
8338-QIUNR,0.0114,0,0,Faible
0463-TXOAK,0.0528,0,0,Faible
4396-KLSEH,0.2759,0,0,Faible
5186-EJEGL,0.32,0,0,Faible
9334-GWGOW,0.8761,1,0,Eleve
5696-JVVQY,0.0781,0,0,Faible
9633-DENPU,0.1976,0,0,Faible
0581-BXBUB,0.6252,1,0,Moyen
2750-BJLSB,0.2985,0,0,Faible
2770-NSVDG,0.6312,1,0,Moyen
8280-MQRQN,0.8431,1,1,Eleve
7851-FLGGQ,0.7152,1,1,Eleve
9374-YOLBJ,0.1353,0,0,Faible
6583-SZVGP,0.4709,0,0,Moyen
2150-OEGBV,0.0126,0,0,Faible
9372-TXXPS,0.0055,0,0,Faible
6933-FHBZC,0.093,0,0,Faible
4698-KVLLG,0.0365,0,0,Faible
8752-STIVR,0.8584,1,1,Eleve
8623-ULFNQ,0.2627,0,0,Faible
9822-WMWVG,0.6319,1,0,Moyen
4304-TSPVK,0.1284,0,0,Faible
1716-LSAMB,0.05,0,0,Faible
3523-QRQLL,0.1128,0,1,Faible
2187-PKZAY,0.7027,1,0,Eleve
1895-QTKDO,0.4473,0,0,Moyen
8161-QYMTT,0.9569,1,0,Eleve
2955-PSXOE,0.41,0,1,Moyen
6834-NXDCA,0.4542,0,1,Moyen
8701-DGLVH,0.0244,0,0,Faible
2480-SQIOB,0.4237,0,0,Moyen
4993-JCRGJ,0.3979,0,0,Faible
0581-MDMPW,0.4543,0,0,Moyen
7789-CRUVC,0.0706,0,0,Faible
0164-APGRB,0.0237,0,0,Faible
8034-RYTVV,0.0711,0,0,Faible
3018-TFTSU,0.2016,0,1,Faible
9777-IQHWP,0.0797,0,0,Faible
6899-PPEEA,0.7495,1,1,Eleve
6701-YVNQG,0.0036,0,0,Faible
7649-PHJVR,0.0167,0,0,Faible
9278-VZKCD,0.5631,1,0,Moyen
7636-PEPNS,0.0091,0,0,Faible
1575-KRZZE,0.4476,0,0,Moyen
8590-OHDIW,0.0295,0,0,Faible
7764-BDPEE,0.1665,0,0,Faible
9480-BQJEI,0.1801,0,0,Faible
3354-OADJP,0.1464,0,0,Faible
3181-MIZBN,0.3873,0,0,Faible
9327-QSDED,0.2363,0,0,Faible
4892-VLANZ,0.7612,1,1,Eleve
0298-XACET,0.0366,0,0,Faible
6917-FIJHC,0.0016,0,0,Faible
6557-BZXLQ,0.3692,0,0,Faible
2432-TFSMK,0.1688,0,0,Faible
4211-MMAZN,0.5913,1,1,Moyen
4751-ERMAN,0.0042,0,0,Faible
8430-TWCBX,0.0354,0,0,Faible
1942-OQFRW,0.5891,1,0,Moyen
4075-JFPGR,0.1839,0,0,Faible
3339-EAQNV,0.146,0,0,Faible
5329-KRDTM,0.0038,0,0,Faible
0307-BCOPK,0.0111,0,0,Faible
6473-ULUHT,0.2091,0,0,Faible
1194-SPVSP,0.3586,0,0,Faible
7249-WBIYX,0.916,1,1,Eleve
2293-IJWPS,0.5082,1,0,Moyen
4377-VDHYI,0.2008,0,0,Faible
0019-EFAEP,0.003,0,0,Faible
2480-EJWYP,0.3614,0,0,Faible
8970-ANWXO,0.138,0,0,Faible
8739-WWKDU,0.8371,1,1,Eleve
2171-UDMFD,0.0749,0,0,Faible
7036-TYDEC,0.2667,0,0,Faible
3831-YCPUO,0.004,0,0,Faible
0121-SNYRK,0.0095,0,0,Faible
3325-FUYCG,0.1661,0,1,Faible
1952-DVVSW,0.1682,0,0,Faible
3571-DPYUH,0.1253,0,0,Faible
2077-MPJQO,0.8507,1,0,Eleve
2391-SOORI,0.4248,0,1,Moyen
4086-ATNFV,0.0838,0,0,Faible
3396-DKDEL,0.0574,0,0,Faible
7471-MQPOS,0.0484,0,0,Faible
7181-OQCUT,0.6868,1,0,Moyen
3489-VSFRD,0.049,0,0,Faible
6283-GITPX,0.005,0,0,Faible
2845-HSJCY,0.9023,1,1,Eleve
7216-KAOID,0.019,0,0,Faible
6680-WKXRZ,0.6813,1,1,Moyen
2346-LOCWC,0.0196,0,0,Faible
0769-MURVM,0.002,0,0,Faible
3374-LXDEV,0.616,1,1,Moyen
5318-YKDPV,0.0282,0,0,Faible
8190-ZTQFB,0.5066,1,0,Moyen
4512-ZUIYL,0.5036,1,1,Moyen
3090-QFUVD,0.3522,0,0,Faible
4806-KEXQR,0.8108,1,1,Eleve
2369-FEVNO,0.7629,1,0,Eleve
9637-CDTKZ,0.0183,0,0,Faible
2954-PIBKO,0.0374,0,0,Faible
2212-LYASK,0.5004,1,0,Moyen
9481-SFCQY,0.3112,0,0,Faible
2828-SLQPF,0.2312,0,0,Faible
4647-MUZON,0.5816,1,0,Moyen
8212-DJRCH,0.6239,1,0,Moyen
0516-OOHAR,0.2373,0,0,Faible
4973-RLZVI,0.1071,0,0,Faible
8089-UZWLX,0.0216,0,0,Faible
9732-KPKBW,0.6083,1,1,Moyen
9715-WZCLW,0.1541,0,0,Faible
0257-KXZGU,0.1369,0,0,Faible
0707-HOVVN,0.0151,0,0,Faible
5501-TVMGM,0.8255,1,0,Eleve
3422-LYEPQ,0.9211,1,1,Eleve
2277-VWCNI,0.5866,1,0,Moyen
5461-QKNTN,0.6256,1,0,Moyen
3967-KXAPS,0.002,0,0,Faible
6919-ELBGL,0.0039,0,0,Faible
8361-LTMKD,0.8817,1,1,Eleve
1131-ALZWV,0.0247,0,0,Faible
5178-LMXOP,0.9717,1,1,Eleve
8992-CEUEN,0.1971,0,0,Faible
3320-VEOYC,0.9148,1,0,Eleve
3672-YITQD,0.9234,1,1,Eleve
6080-TCMYC,0.763,1,0,Eleve
6734-FQAJX,0.0703,0,0,Faible
1063-DHQJF,0.0085,0,0,Faible
3976-NLDEZ,0.537,1,0,Moyen
1729-VLAZJ,0.0348,0,0,Faible
3400-ESFUW,0.0243,0,1,Faible
5271-YNWVR,0.3132,0,1,Faible
1587-FKLZB,0.6525,1,1,Moyen
0958-YHXGP,0.6916,1,0,Moyen
1494-EJZDW,0.0385,0,0,Faible
1816-FLZDK,0.6855,1,0,Moyen
2075-PUEPR,0.0541,0,0,Faible
1833-TCXKK,0.7229,1,0,Eleve
1436-ZMJAN,0.3178,0,0,Faible
0106-UGRDO,0.1835,0,0,Faible
1069-XAIEM,0.9804,1,1,Eleve
4213-HKBJO,0.127,0,0,Faible
8345-MVDYC,0.0068,0,0,Faible
2672-OJQZP,0.5914,1,0,Moyen
5136-RGMZO,0.1957,0,0,Faible
5774-QPLTF,0.0199,0,0,Faible
5240-CAOYT,0.0684,0,0,Faible
3707-GNWHM,0.9295,1,1,Eleve
5159-YFPKQ,0.8508,1,1,Eleve
5052-PNLOS,0.8034,1,1,Eleve
6173-GOLSU,0.7871,1,0,Eleve
6661-HBGWL,0.6948,1,1,Moyen
8207-VVMYB,0.003,0,0,Faible
5324-KTGCG,0.0064,0,0,Faible
7354-OIJLX,0.7614,1,0,Eleve
9286-BHDQG,0.0193,0,0,Faible
3567-PQTSO,0.8389,1,0,Eleve
3197-ARFOY,0.435,0,0,Moyen
5698-BQJOH,0.7948,1,1,Eleve
1090-ESELR,0.0043,0,0,Faible
0056-EPFBG,0.1109,0,0,Faible
4955-VCWBI,0.0422,0,0,Faible
4717-GHADL,0.0306,0,0,Faible
0058-EVZWM,0.1802,0,0,Faible
7218-HKQFK,0.7928,1,1,Eleve
5057-RKGLH,0.0158,0,0,Faible
2309-OSFEU,0.6975,1,1,Moyen
3429-IFLEM,0.0061,0,0,Faible
1550-LOAHA,0.5537,1,1,Moyen
1400-MMYXY,0.8838,1,1,Eleve
7503-QQRVF,0.7793,1,1,Eleve
7504-UWHNB,0.331,0,0,Faible
9565-JSNFM,0.1906,0,1,Faible
4735-BJKOU,0.0202,0,0,Faible
3580-GICBM,0.0227,0,0,Faible
7632-YUTXB,0.0458,0,0,Faible
9412-ARGBX,0.0073,0,1,Faible
9576-ANLXO,0.6387,1,1,Moyen
1110-KYLGQ,0.1334,0,0,Faible
8696-JKZNU,0.7158,1,1,Eleve
8757-TFHHJ,0.2441,0,0,Faible
2955-BJZHG,0.4997,0,1,Moyen
9048-JVYVF,0.2591,0,1,Faible
0682-USIXD,0.6198,1,0,Moyen
3884-UEBXB,0.0025,0,0,Faible
1776-SPBWV,0.0617,0,0,Faible
9050-QLROH,0.3858,0,1,Faible
2925-VDZHY,0.0025,0,0,Faible
9512-UIBFX,0.5503,1,1,Moyen
8676-TRMJS,0.6677,1,1,Moyen
3334-CTHOL,0.3007,0,1,Faible
6331-LWDTQ,0.3998,0,1,Faible
3847-BAERP,0.1281,0,0,Faible
4709-LKHYG,0.0501,0,0,Faible
8621-MNIHH,0.419,0,1,Moyen
8884-ADFVN,0.9462,1,1,Eleve
2885-HIJDH,0.0267,0,0,Faible
8570-KLJYJ,0.0127,0,0,Faible
9339-FIIJL,0.0009,0,0,Faible
6223-DHJGV,0.0127,0,0,Faible
0959-WHOKV,0.3951,0,0,Faible
9610-WCESF,0.0882,0,0,Faible
9279-CJEOJ,0.7377,1,0,Eleve
2985-FMWYF,0.8928,1,0,Eleve
3540-RZJYU,0.4874,0,1,Moyen
2522-WLNSF,0.0192,0,0,Faible
6861-XWTWQ,0.972,1,1,Eleve
8735-NBLWT,0.1015,0,0,Faible
1744-JHKYS,0.1366,0,0,Faible
0841-NULXI,0.9577,1,1,Eleve
4016-BJKTZ,0.3399,0,0,Faible
9298-WGMRW,0.0092,0,0,Faible
7893-IXHRQ,0.3925,0,1,Faible
8785-CJSHH,0.6704,1,0,Moyen
7654-YWJUF,0.0844,0,0,Faible
8909-BOLNL,0.0479,0,0,Faible
9919-FZDED,0.0081,0,0,Faible
0322-CHQRU,0.6608,1,1,Moyen
3587-PMCOY,0.877,1,0,Eleve
0655-RBDUG,0.9646,1,1,Eleve
0983-TATYJ,0.0292,0,0,Faible
5650-YLIBA,0.7624,1,0,Eleve
5144-TVGLP,0.5713,1,0,Moyen
3569-EDBPQ,0.7728,1,0,Eleve
4945-RVMTE,0.0695,0,0,Faible
3511-BFTJW,0.0111,0,0,Faible
5537-UXXVS,0.0371,0,0,Faible
8782-NUUOL,0.0159,0,0,Faible
2865-TCHJW,0.8727,1,1,Eleve
9931-KGHOA,0.1266,0,0,Faible
3071-MVJCD,0.0011,0,0,Faible
7279-BUYWN,0.6595,1,1,Moyen
3756-VNWDH,0.4616,0,0,Moyen
1395-OFUWC,0.5328,1,0,Moyen
4223-BKEOR,0.0577,0,0,Faible
0040-HALCW,0.0412,0,0,Faible
7124-UGSUR,0.3903,0,1,Faible
7395-XWZOY,0.5288,1,0,Moyen
5440-VHLUL,0.4948,0,0,Moyen
4706-DGAHW,0.7977,1,0,Eleve
8166-ORCHU,0.129,0,0,Faible
3978-YNKDD,0.0167,0,0,Faible
7198-GLXTC,0.7772,1,1,Eleve
6366-XIVKZ,0.3232,0,0,Faible
5133-POWUA,0.8371,1,0,Eleve
8400-WZICQ,0.0727,0,0,Faible
5382-SOYZL,0.8783,1,0,Eleve
1989-PRJHP,0.6211,1,1,Moyen
4154-AQUGT,0.3254,0,1,Faible
0980-FEXWF,0.0303,0,0,Faible
5845-BZZIB,0.012,0,0,Faible
4840-ORQXB,0.5038,1,0,Moyen
0295-PPHDO,0.9765,1,1,Eleve
8775-ERLNB,0.9119,1,0,Eleve
0376-YMCJC,0.8016,1,1,Eleve
7410-YTJIK,0.5884,1,1,Moyen
9927-DSWDF,0.5887,1,0,Moyen
6681-ZSEXG,0.0818,0,0,Faible
5702-KVQRD,0.0118,0,0,Faible
8711-LOBKY,0.0457,0,0,Faible
9692-TUSXH,0.7259,1,1,Eleve
4012-YCFAI,0.0026,0,0,Faible
8455-HIRAQ,0.2147,0,0,Faible
7853-WNZSY,0.2582,0,0,Faible
0390-DCFDQ,0.9009,1,1,Eleve
6421-SZVEM,0.3379,0,0,Faible
3094-JOJAI,0.3564,0,0,Faible
4873-ILOLJ,0.7773,1,1,Eleve
8181-YHCMF,0.0048,0,0,Faible
3324-OIRTO,0.0962,0,0,Faible
9135-HSWOC,0.0156,0,0,Faible
2272-WUSPA,0.0079,0,0,Faible
4627-MIHJH,0.06,0,0,Faible
3896-RCYYE,0.0272,0,0,Faible
6729-GDNGC,0.1835,0,0,Faible
9945-PSVIP,0.0161,0,0,Faible
4137-JOPHL,0.0127,0,0,Faible
2720-FVBQP,0.6267,1,0,Moyen
7854-EKTJL,0.3246,0,1,Faible
1133-KXCGE,0.0364,0,0,Faible
6048-QBXKL,0.7025,1,0,Eleve
6338-AVWCY,0.9092,1,1,Eleve
0013-MHZWF,0.2636,0,0,Faible
9804-ICWBG,0.9767,1,1,Eleve
2368-GAKKQ,0.0552,0,0,Faible
4829-AUOAX,0.3684,0,1,Faible
7876-BEUTG,0.6704,1,0,Moyen
6349-JDHQP,0.0846,0,0,Faible
3063-QFSZL,0.7865,1,1,Eleve
9142-XMYJH,0.0556,0,0,Faible
2609-IAICY,0.9644,1,1,Eleve
8626-PTQGE,0.0136,0,0,Faible
0230-UBYPQ,0.0098,0,0,Faible
6814-ZPWFQ,0.0132,0,0,Faible
5921-NGYRH,0.0988,0,0,Faible
7803-XOCCZ,0.0799,0,0,Faible
1459-QNFQT,0.0114,0,0,Faible
3948-FVVRP,0.2448,0,0,Faible
0923-PNFUB,0.5278,1,1,Moyen
4654-ULTTN,0.1731,0,0,Faible
5628-FCGYG,0.8756,1,0,Eleve
0506-LVNGN,0.5978,1,1,Moyen
4329-YPDDQ,0.4631,0,0,Moyen
9866-OCCKE,0.0041,0,0,Faible
0794-YVSGE,0.0012,0,0,Faible
4342-HENTK,0.7389,1,1,Eleve
5934-TSSAU,0.2753,0,0,Faible
9986-BONCE,0.1136,0,1,Faible
5301-GAUUY,0.4377,0,1,Moyen
0725-CXOTM,0.1082,0,0,Faible
2843-CQMEG,0.148,0,0,Faible
5600-PDUJF,0.6594,1,0,Moyen
4500-HKANN,0.0379,0,0,Faible
1862-QRWPE,0.0113,0,0,Faible
2155-AMQRX,0.3083,0,0,Faible
0823-HSCDJ,0.7426,1,1,Eleve
4090-KPJIP,0.8752,1,0,Eleve
2737-YNGYW,0.6764,1,1,Moyen
5619-XZZKR,0.0357,0,0,Faible
6047-YHPVI,0.7458,1,1,Eleve
8375-DKEBR,0.972,1,1,Eleve
7729-XBTWX,0.0232,0,0,Faible
4983-CLMLV,0.615,1,0,Moyen
9227-LUNBG,0.557,1,1,Moyen
2758-RNWXS,0.0943,0,0,Faible
7055-HNEOJ,0.6882,1,0,Moyen
7134-MJPDY,0.3475,0,0,Faible
4560-WQAQW,0.0198,0,0,Faible
8532-UEFWH,0.0221,0,0,Faible
8541-QVFKM,0.8939,1,0,Eleve
7129-ACFOG,0.7817,1,0,Eleve
2495-INZWQ,0.7712,1,1,Eleve
0263-FJTQO,0.0615,0,0,Faible
0181-RITDD,0.0449,0,0,Faible
8241-JUIQO,0.0121,0,0,Faible
0913-XWSCN,0.3623,0,0,Faible
2159-TURXX,0.2127,0,0,Faible
6461-PPAXN,0.0368,0,0,Faible
1452-KIOVK,0.4167,0,0,Moyen
1139-WUOAH,0.0481,0,0,Faible
3207-OYBWH,0.1811,0,1,Faible
8347-GDTMP,0.008,0,0,Faible
9909-DFRJA,0.1142,0,0,Faible
6383-ZTSIW,0.2594,0,0,Faible
5438-QMDDL,0.3554,0,0,Faible
8914-RBTSB,0.4961,0,1,Moyen
6164-HXUGH,0.3593,0,0,Faible
6900-RBKER,0.2613,0,0,Faible
1492-QGCLU,0.2212,0,0,Faible
6664-FPDAC,0.1639,0,1,Faible
1088-AUUZZ,0.0657,0,0,Faible
6651-AZVTJ,0.9324,1,1,Eleve
8219-VYBVI,0.0305,0,0,Faible
0310-MVLET,0.6027,1,1,Moyen
7233-IOQNP,0.0981,0,0,Faible
7311-MQJCH,0.088,0,0,Faible
9256-JTBNZ,0.1672,0,0,Faible
8713-IGZSO,0.3536,0,0,Faible
6821-BUXUX,0.8627,1,1,Eleve
9114-DPSIA,0.0027,0,0,Faible
4501-UYKBC,0.1734,0,0,Faible
2798-NYLMZ,0.5074,1,0,Moyen
6711-VTNRE,0.4051,0,1,Moyen
5966-EMAZU,0.3007,0,0,Faible
3627-FHKBK,0.6484,1,1,Moyen
7861-UVUFT,0.7629,1,1,Eleve
9824-QCJPK,0.0208,0,0,Faible
7816-VGHTO,0.0705,0,0,Faible
3794-NFNCH,0.119,0,0,Faible
3877-JRJIP,0.7788,1,1,Eleve
5228-EXCET,0.6562,1,1,Moyen
6248-BSHKG,0.0154,0,0,Faible
8915-NNTRC,0.0222,0,0,Faible
3470-OBUET,0.1035,0,0,Faible
3229-USWAR,0.083,0,0,Faible
1927-QEWMY,0.0011,0,0,Faible
6374-AFWOX,0.0289,0,0,Faible
7912-SYRQT,0.7972,1,1,Eleve
2070-FNEXE,0.3198,0,1,Faible
5803-NQJZO,0.0031,0,0,Faible
5651-YLPRD,0.6762,1,0,Moyen
1271-UODNO,0.2643,0,0,Faible
5014-WUQMG,0.1333,0,0,Faible
5889-JTMUL,0.6174,1,1,Moyen
0788-DXBFY,0.2241,0,0,Faible
2669-QVCRG,0.4426,0,0,Moyen
6630-UJZMY,0.8979,1,0,Eleve
5061-PBXFW,0.1092,0,0,Faible
2700-LUEVA,0.3287,0,0,Faible
3865-ZFZIB,0.0146,0,0,Faible
0471-ARVMX,0.5685,1,0,Moyen
8985-OOPOS,0.1585,0,0,Faible
0719-SYFRB,0.3909,0,1,Faible
0447-BEMNG,0.1083,0,1,Faible
5630-AHZIL,0.1916,0,0,Faible
2190-BCXEC,0.5573,1,0,Moyen
1559-DTODC,0.2792,0,0,Faible
3244-DCJWY,0.9276,1,1,Eleve
3967-VQOGC,0.0032,0,0,Faible
0265-PSUAE,0.5691,1,0,Moyen
1622-HSHSF,0.6574,1,0,Moyen
9867-XOBQA,0.1206,0,0,Faible
6773-LQTVT,0.2517,0,0,Faible
4332-MUOEZ,0.0847,0,0,Faible
0023-XUOPT,0.8201,1,1,Eleve
6543-CPZMK,0.6702,1,1,Moyen
6418-HNFED,0.0239,0,0,Faible
1036-GUDCL,0.0948,0,0,Faible
4818-QIUFN,0.7027,1,1,Eleve
0778-NELLA,0.5625,1,1,Moyen
7495-OOKFY,0.8163,1,1,Eleve
4737-HOBAX,0.0435,0,0,Faible
7919-ZODZZ,0.5104,1,0,Moyen
2988-PLAHS,0.2672,0,0,Faible
9067-SQTNS,0.0126,0,0,Faible
6483-OATDN,0.3768,0,0,Faible
5469-CTCWN,0.2195,0,1,Faible
3524-WQDSG,0.8056,1,0,Eleve
6968-URWQU,0.0993,0,0,Faible
8601-QACRS,0.6434,1,1,Moyen
8690-UPCZI,0.0262,0,0,Faible
5331-RGMTT,0.8741,1,0,Eleve
1357-BIJKI,0.8506,1,0,Eleve
2088-IEBAU,0.0549,0,0,Faible
0679-IDSTG,0.9697,1,1,Eleve
6519-ZHPXP,0.0082,0,0,Faible
2101-RANCD,0.6182,1,0,Moyen
4029-HPFVY,0.7037,1,0,Eleve
1015-OWJKI,0.2344,0,0,Faible
8314-HTWVE,0.0331,0,0,Faible
5357-TZHPP,0.8543,1,1,Eleve
8727-XDPUD,0.1024,0,0,Faible
9073-ZZIAY,0.0108,0,0,Faible
5181-OABFK,0.058,0,0,Faible
3812-LRZIR,0.071,0,0,Faible
5204-HMGYF,0.0138,0,0,Faible
9950-MTGYX,0.0134,0,0,Faible
3675-EQOZA,0.1442,0,0,Faible
3646-ITDGM,0.1613,0,0,Faible
3913-FCUUW,0.0047,0,0,Faible
